{
  "average_title_length_in_words": [
    9.732472324723247,
    10.38631195998181,
    12.944595328625747,
    15.12093023255814,
    9.406151695211465
  ],
  "no_author_percentage": [
    10.516605166051662,
    38.085493406093676,
    83.59587180879956,
    5.813953488372093,
    100
  ],
  "unique_records_count": [
    1084,
    4398,
    1841,
    1720,
    2861
  ]
}